Időpont;Név;Irányítószám;Életkor;E-mail cím;TAJ szám
08:00;Milt Poag;9982;95;mpoag6c@engadget.com;123459064
08:30;Mackenzie Friese;9982;94;mfriesegt@addthis.com;123462831
09:00;Hiram McKitterick;9982;92;hmckitterickih@technorati.com;123463436
09:30;Sile MacCaig;9982;89;smaccaighb@gmpg.org;123463010
10:00;Townie Byas;9982;87;tbyas11@ameblo.jp;123457156
10:30;Sergeant Babe;9982;80;sbabeoa@eventbrite.com;123465526
11:00;Elsie Berriman;9982;79;eberrimanqv@gmpg.org;123466451
11:30;Esteban Moulding;9982;58;emouldingjy@blinklist.com;123463962
12:00;Korry Southby;9982;58;ksouthbyks@dyndns.org;123464268
12:30;Bernardina Harteley;9982;54;bharteleye8@amazonaws.com;123461906
13:00;Karry Kropach;9982;44;kkropachg@istockphoto.com;123456946
13:30;Cirstoforo Easdon;9982;43;ceasdondf@xinhuanet.com;123461614
14:00;Inglebert Ogden;9982;29;iogden90@naver.com;123460026
14:30;Gottfried Bottleson;9982;27;gbottlesonk8@sakura.ne.jp;123464062
15:00;Tessa Alflat;9982;24;talflatlh@rambler.ru;123464512
15:30;Jerad Veracruysse;9982;16;jveracruyssemp@seesaa.net;123464952
