Név;Irányítószám;Életkor;E-mail cím;Taj szám
Daryl Chasier;7522;86;dchasier0@comcast.net;123456788
Sunny Stanlake;5475;86;sstanlake1@etsy.com;123456795
Kristofor Brigginshaw;5515;75;kbrigginshaw2@patch.com;123456805
Trever Spennock;7521;76;tspennock3@yellowbook.com;123456812
Beckie Middleweek;6097;32;bmiddleweek4@opensource.org;123456829
Orly McKeran;7525;39;omckeran5@fotki.com;123456836
Harlie Samwyse;6034;37;hsamwyse6@bloomberg.com;123456843
Angie O' Mara;2022;59;ao7@infoseek.co.jp;123456850
Scarface Shermore;6080;42;sshermore8@businessinsider.com;123456867
Valerie Pummell;2015;27;vpummell9@army.mil;123456874
Eustacia Foux;6088;30;efouxa@harvard.edu;123456881
Jammie Seivertsen;6113;71;jseivertsenb@ox.ac.uk;123456898
Jasun Tennick;3333;55;jtennickc@merriam-webster.com;123456908
Joanne Rikel;2009;32;jrikeld@google.co.uk;123456915
Gustavus Wassung;3325;96;gwassunge@yolasite.com;123456922
Kirsteni Antuoni;6043;12;kantuonif@mozilla.com;123456939
Karry Kropach;9982;44;kkropachg@istockphoto.com;123456946
Fawn Monkeman;2014;46;fmonkemanh@unblog.fr;123456953
Haywood Swait;6065;24;hswaiti@constantcontact.com;123456960
Harlene Farncombe;9985;24;hfarncombej@netscape.com;123456977
Alisa McNern;6085;12;amcnernk@yahoo.co.jp;123456984
Bette-ann Candie;6035;33;bcandiel@taobao.com;123456991
Neilla Kittow;3323;89;nkittowm@cocolog-nifty.com;123457008
Hector Feilden;5465;25;hfeildenn@arstechnica.com;123457015
Ambur Thorrington;5516;91;athorringtono@blog.com;123457022
Ewen Walhedd;4263;39;ewalheddp@whitehouse.gov;123457039
Ilysa Fairbard;6211;31;ifairbardq@moonfruit.com;123457046
Gamaliel Butterfint;3335;23;gbutterfintr@sohu.com;123457053
Joshia Mara;4267;83;jmaras@meetup.com;123457060
Hamilton Nortcliffe;6008;45;hnortcliffet@nsw.gov.au;123457077
Royall Malenfant;3327;46;rmalenfantu@t-online.de;123457084
Krissie Tivolier;3321;83;ktivolierv@accuweather.com;123457091
Luciano Pittendreigh;4252;77;lpittendreighw@nbcnews.com;123457101
Alard Adamovich;6113;31;aadamovichx@dion.ne.jp;123457118
Kellina Winfield;6114;74;kwinfieldy@github.io;123457125
Herb Burnhill;4244;81;hburnhillz@independent.co.uk;123457132
Candie Letterick;6066;46;cletterick10@slashdot.org;123457149
Townie Byas;9982;87;tbyas11@ameblo.jp;123457156
Phillida Nolleth;9951;94;pnolleth12@prlog.org;123457163
Mateo Sommerton;6034;50;msommerton13@hp.com;123457170
Dareen Bienvenu;6135;71;dbienvenu14@edublogs.org;123457187
Daryl Challens;3325;63;dchallens15@dropbox.com;123457194
Marti Despenser;5475;34;mdespenser16@japanpost.jp;123457204
Nadya Dorward;6033;68;ndorward17@nsw.gov.au;123457211
Cristionna Odo;9962;27;codo18@techcrunch.com;123457228
Giulia Sturridge;6134;86;gsturridge19@odnoklassniki.ru;123457235
Reinwald MacPeice;6132;80;rmacpeice1a@skype.com;123457242
Augustina Spittall;6000;33;aspittall1b@google.co.uk;123457259
Cara Catanheira;6055;70;ccatanheira1c@bloglines.com;123457266
Massimo Beneze;9954;80;mbeneze1d@walmart.com;123457273
Berty Shadfourth;4271;13;bshadfourth1e@ed.gov;123457280
Donnie Jurasz;6086;42;djurasz1f@mysql.com;123457297
Quintana Kershaw;6098;50;qkershaw1g@linkedin.com;123457307
Yasmin Chesters;4263;47;ychesters1h@homestead.com;123457314
Griffith Vala;6042;81;gvala1i@seesaa.net;123457321
Minette Allchorne;4242;93;mallchorne1j@ox.ac.uk;123457338
Gerrie Savery;5500;85;gsavery1k@trellian.com;123457345
Augie Sidebotham;3327;31;asidebotham1l@sina.com.cn;123457352
Editha Dregan;6000;22;edregan1m@rambler.ru;123457369
Mindy Burgise;6033;72;mburgise1n@merriam-webster.com;123457376
Sheridan Bracknell;6113;31;sbracknell1o@npr.org;123457383
Ashely Croydon;6222;20;acroydon1p@businessinsider.com;123457390
Killian Le Barre;6131;33;kle1q@berkeley.edu;123457400
Eduino Fearn;5520;84;efearn1r@e-recht24.de;123457417
Winifred Rivel;5502;18;wrivel1s@discovery.com;123457424
Devonne Bignall;6064;57;dbignall1t@wp.com;123457431
Pauli Glossup;6070;69;pglossup1u@paginegialle.it;123457448
Woodrow Van Geffen;4253;25;wvan1v@guardian.co.uk;123457455
Killie Winridge;5500;23;kwinridge1w@microsoft.com;123457462
Che Kornes;6222;50;ckornes1x@example.com;123457479
Wes Extill;9951;43;wextill1y@over-blog.com;123457486
Blair Debling;6100;40;bdebling1z@telegraph.co.uk;123457493
Jody Skein;2011;91;jskein20@purevolume.com;123457503
Amelia Kibble;3332;19;akibble21@networkadvertising.org;123457510
Hanan Shalloe;6042;31;hshalloe22@tumblr.com;123457527
Maire Magowan;6032;51;mmagowan23@vkontakte.ru;123457534
Hendrick Rubinsztein;5475;70;hrubinsztein24@sciencedaily.com;123457541
Klement Drei;3335;42;kdrei25@jimdo.com;123457558
Gayelord Swatland;3332;17;gswatland26@geocities.jp;123457565
Rivy Desborough;6086;20;rdesborough27@imdb.com;123457572
Jolee McGettrick;7517;24;jmcgettrick28@instagram.com;123457589
Barb Sillito;9952;35;bsillito29@youtube.com;123457596
Kris Riddler;6008;81;kriddler2a@google.fr;123457606
Khalil Ruffle;4243;28;kruffle2b@berkeley.edu;123457613
Charley Foyston;5516;74;cfoyston2c@technorati.com;123457620
Caspar Garrood;3332;16;cgarrood2d@flickr.com;123457637
Lynnea Margetts;6134;49;lmargetts2e@sogou.com;123457644
Krystle Paradyce;4266;75;kparadyce2f@ucoz.com;123457651
Verine Remer;3323;74;vremer2g@admin.ch;123457668
Zedekiah Clears;8392;73;zclears2h@hatena.ne.jp;123457675
Andrus Ladbrook;2023;75;aladbrook2i@tuttocitta.it;123457682
Allison Capoun;6033;100;acapoun2j@ted.com;123457699
Mirabel Purbrick;2017;64;mpurbrick2k@wp.com;123457709
Randal Heitz;7523;42;rheitz2l@pcworld.com;123457716
Ford Cottam;6097;58;fcottam2m@answers.com;123457723
Huberto Furman;7517;69;hfurman2n@google.com.br;123457730
Maure Copley;3323;42;mcopley2o@about.me;123457747
Dori Postle;8371;92;dpostle2p@cnn.com;123457754
Franky Goodlett;6133;55;fgoodlett2q@discovery.com;123457761
Guido Clinnick;6224;98;gclinnick2r@mlb.com;123457778
Delcina Hencke;9961;58;dhencke2s@theglobeandmail.com;123457785
Ignacio Orwell;5474;56;iorwell2t@rakuten.co.jp;123457792
Cointon Pascow;6041;68;cpascow2u@house.gov;123457802
Ashli Leither;6076;26;aleither2v@google.com;123457819
Katlin Lucia;5520;85;klucia2w@usnews.com;123457826
Rebecca Rowlett;8393;48;rrowlett2x@nytimes.com;123457833
Pall Bascombe;6230;26;pbascombe2y@taobao.com;123457840
Rhett Yearne;2013;17;ryearne2z@linkedin.com;123457857
Spense Strathman;6111;46;sstrathman30@spotify.com;123457864
Mufi Casellas;5516;26;mcasellas31@exblog.jp;123457871
Giff Andersen;9951;61;gandersen32@gov.uk;123457888
Joete Valett;6050;11;jvalett33@chron.com;123457895
Rozina Seignior;9953;29;rseignior34@techcrunch.com;123457905
Berget Lissimore;6042;60;blissimore35@sakura.ne.jp;123457912
Doralia Dormon;4262;95;ddormon36@kickstarter.com;123457929
Jasmina Bronot;8392;55;jbronot37@time.com;123457936
Kit Oriel;6000;51;koriel38@networksolutions.com;123457943
Stanley Dressel;4267;52;sdressel39@webeden.co.uk;123457950
Keelby Hatcliffe;5520;91;khatcliffe3a@tinyurl.com;123457967
Vanessa Stuke;6114;87;vstuke3b@google.com.au;123457974
Demetra Godwin;6211;29;dgodwin3c@hostgator.com;123457981
Idelle Fetherston;9954;56;ifetherston3d@ibm.com;123457998
Shari Storr;9955;54;sstorr3e@dedecms.com;123458005
Dorri Lyngsted;5516;33;dlyngsted3f@goo.gl;123458012
Morie Clara;6120;72;mclara3g@disqus.com;123458029
Perl O'Currine;5476;82;pocurrine3h@pcworld.com;123458036
Constancia Sisland;7527;36;csisland3i@bbb.org;123458043
Gavrielle Kluss;6076;42;gkluss3j@xing.com;123458050
Shane Elbourne;6114;26;selbourne3k@chronoengine.com;123458067
Benito Schutter;3323;42;bschutter3l@bbb.org;123458074
Madelene Corker;4254;49;mcorker3m@studiopress.com;123458081
Johanna Lyenyng;6133;31;jlyenyng3n@tinypic.com;123458098
Annetta Szymanowski;6087;87;aszymanowski3o@sina.com.cn;123458108
Yolane Alflatt;4253;62;yalflatt3p@google.pl;123458115
Lucina Versey;6114;23;lversey3q@moonfruit.com;123458122
Alard Buglar;3324;21;abuglar3r@wix.com;123458139
Kathrine Lakenton;8360;64;klakenton3s@myspace.com;123458146
Flossie Bedminster;2009;35;fbedminster3t@netvibes.com;123458153
Keefe Tyrone;6055;56;ktyrone3u@reverbnation.com;123458160
Barrett Cardozo;8372;66;bcardozo3v@elpais.com;123458177
Fionnula Rouchy;6045;41;frouchy3w@cisco.com;123458184
Deborah Branche;8372;46;dbranche3x@fastcompany.com;123458191
Hubey Labitt;6064;51;hlabitt3y@umn.edu;123458201
Addy McKernon;6113;56;amckernon3z@t.co;123458218
Berkeley Aberhart;6080;49;baberhart40@time.com;123458225
Claiborn Downing;4266;78;cdowning41@archive.org;123458232
Garnette Kneller;6132;69;gkneller42@gizmodo.com;123458249
Constantino Handmore;2023;55;chandmore43@ihg.com;123458256
Persis Denniston;6064;83;pdenniston44@miitbeian.gov.cn;123458263
Edmon Maceur;6112;64;emaceur45@cisco.com;123458270
Merry Studman;9981;40;mstudman46@homestead.com;123458287
Marcus Cattini;6070;36;mcattini47@addthis.com;123458294
Latashia Sprowell;4246;31;lsprowell48@addtoany.com;123458304
Roselle Castledine;6090;63;rcastledine49@webeden.co.uk;123458311
Gabe Giriardelli;3333;56;ggiriardelli4a@bluehost.com;123458328
Jada Sams;7517;68;jsams4b@tripod.com;123458335
Fern Sage;4242;34;fsage4c@weibo.com;123458342
Iseabal Schimonek;5471;97;ischimonek4d@elegantthemes.com;123458359
Audrye Trappe;6042;18;atrappe4e@xrea.com;123458366
Ebenezer Kalinsky;6120;44;ekalinsky4f@sfgate.com;123458373
Marika Whyatt;6055;29;mwhyatt4g@multiply.com;123458380
Karel MacCartan;9981;17;kmaccartan4h@fotki.com;123458397
Elwood Baccus;5465;63;ebaccus4i@umn.edu;123458407
Olenka MacCague;3323;73;omaccague4j@ow.ly;123458414
Grier Bucke;9952;23;gbucke4k@facebook.com;123458421
Amanda Jacmard;9962;21;ajacmard4l@dell.com;123458438
Ulrick Weatherhill;6062;67;uweatherhill4m@census.gov;123458445
Blakeley Sapwell;6112;73;bsapwell4n@yelp.com;123458452
Jodie Gronw;7525;55;jgronw4o@scientificamerican.com;123458469
Leonie Haggie;2011;46;lhaggie4p@alexa.com;123458476
Mallissa Harder;5500;44;mharder4q@privacy.gov.au;123458483
Findley Bentick;7523;24;fbentick4r@usnews.com;123458490
Verina Hedge;3331;88;vhedge4s@elpais.com;123458500
Darsie Ventura;4264;46;dventura4t@hp.com;123458517
Elias Tures;2023;25;etures4u@mysql.com;123458524
Gerianne MacCleod;4267;83;gmaccleod4v@java.com;123458531
Cicely Gogay;6085;33;cgogay4w@ucoz.ru;123458548
Cleopatra O'Reagan;3328;76;coreagan4x@theatlantic.com;123458555
Lorie Djorvic;7524;81;ldjorvic4y@blog.com;123458562
Avril Wilmot;9962;22;awilmot4z@facebook.com;123458579
Tammie Impy;4262;69;timpy50@irs.gov;123458586
Shena Gylle;9955;87;sgylle51@columbia.edu;123458593
Ruddie Ranklin;4243;37;rranklin52@tumblr.com;123458603
Alfons Ogilvie;5471;42;aogilvie53@csmonitor.com;123458610
Marven Hewson;6085;17;mhewson54@amazon.co.uk;123458627
Janeen Twidale;3334;73;jtwidale55@hugedomains.com;123458634
Averyl Wilbud;6096;88;awilbud56@taobao.com;123458641
Joyan Treweke;6200;19;jtreweke57@boston.com;123458658
Tess McCloughlin;4272;52;tmccloughlin58@google.pl;123458665
Candie Hunnywell;6070;74;chunnywell59@wikimedia.org;123458672
Melisenda Skipperbottom;5520;88;mskipperbottom5a@epa.gov;123458689
Elenore Praton;4254;59;epraton5b@tmall.com;123458696
Grayce Berrow;6085;96;gberrow5c@amazon.de;123458706
Noell Defty;4263;21;ndefty5d@cbslocal.com;123458713
Joyan Schaben;4274;47;jschaben5e@clickbank.net;123458720
Brady Draxford;6116;84;bdraxford5f@tiny.cc;123458737
Torrance Archibould;6066;62;tarchibould5g@nymag.com;123458744
Carleton Dimitriev;2011;13;cdimitriev5h@narod.ru;123458751
Bancroft Dundredge;6111;87;bdundredge5i@pagesperso-orange.fr;123458768
Levy Slograve;8400;73;lslograve5j@so-net.ne.jp;123458775
Yulma Biggs;3328;88;ybiggs5k@slashdot.org;123458782
Brandyn Checo;9970;21;bcheco5l@hp.com;123458799
Aleen Ramalhete;2021;25;aramalhete5m@unblog.fr;123458809
Beulah Titcumb;8395;37;btitcumb5n@mayoclinic.com;123458816
Tremain Collie;3321;92;tcollie5o@tinypic.com;123458823
Jules Cluse;6097;14;jcluse5p@cdc.gov;123458830
Yale Badsworth;6114;29;ybadsworth5q@reddit.com;123458847
Anallise Thalmann;9961;66;athalmann5r@etsy.com;123458854
Ambur Khomich;6035;68;akhomich5s@shop-pro.jp;123458861
Winnie Deville;6097;78;wdeville5t@vkontakte.ru;123458878
Manon Romaines;3322;20;mromaines5u@addthis.com;123458885
Elka Bradnocke;4254;12;ebradnocke5v@wufoo.com;123458892
Trenton Hancock;4262;93;thancock5w@myspace.com;123458902
Artie Danskine;4264;50;adanskine5x@scientificamerican.com;123458919
Tomaso Mattis;6045;41;tmattis5y@hatena.ne.jp;123458926
Mikkel Quarrington;3327;71;mquarrington5z@tinyurl.com;123458933
Bartholomew Patise;6060;60;bpatise60@wikia.com;123458940
Vikki Canfer;4243;55;vcanfer61@ox.ac.uk;123458957
Kristal Duthy;5471;63;kduthy62@archive.org;123458964
Suzy Laxon;9983;77;slaxon63@dmoz.org;123458971
Alena Fegan;6067;35;afegan64@mapquest.com;123458988
Jo Gosby;6087;23;jgosby65@microsoft.com;123458995
Moritz Owbridge;5500;24;mowbridge66@mail.ru;123459002
Erinna Godrich;8393;46;egodrich67@answers.com;123459019
Hoebart Toffano;6032;71;htoffano68@ifeng.com;123459026
Gib Hoodlass;6222;12;ghoodlass69@smugmug.com;123459033
Gertruda Tomblings;6065;19;gtomblings6a@ihg.com;123459040
Alphard Sucre;6067;95;asucre6b@webnode.com;123459057
Milt Poag;9982;95;mpoag6c@engadget.com;123459064
Phyllida Hovell;2016;59;phovell6d@myspace.com;123459071
Thurston Melsom;2015;100;tmelsom6e@dion.ne.jp;123459088
Roger Albiston;8395;25;ralbiston6f@ask.com;123459095
Nevins Ivanuschka;5502;54;nivanuschka6g@stanford.edu;123459105
Forbes Pritchitt;6090;47;fpritchitt6h@lulu.com;123459112
Saudra Maffey;6080;53;smaffey6i@statcounter.com;123459129
Vernen Braga;4271;63;vbraga6j@icio.us;123459136
Bird Hanes;5520;12;bhanes6k@howstuffworks.com;123459143
Perice Samper;9954;99;psamper6l@google.com.br;123459150
Scarlett Strass;2000;39;sstrass6m@mlb.com;123459167
Kinsley Orbine;4253;77;korbine6n@pen.io;123459174
Willetta Gout;3327;15;wgout6o@bing.com;123459181
Isis Peetermann;4251;85;ipeetermann6p@mayoclinic.com;123459198
Bambi Humpage;6044;86;bhumpage6q@merriam-webster.com;123459208
Dave Sidworth;6090;59;dsidworth6r@dropbox.com;123459215
Emmey Issacov;6132;40;eissacov6s@geocities.com;123459222
Roth Flexman;9983;86;rflexman6t@vkontakte.ru;123459239
Kissiah Benkin;6075;33;kbenkin6u@dmoz.org;123459246
Aguste Sames;5476;60;asames6v@myspace.com;123459253
Selma Ovens;9970;63;sovens6w@upenn.edu;123459260
Deeann Canton;2015;31;dcanton6x@storify.com;123459277
Clyve Carpmile;6044;86;ccarpmile6y@live.com;123459284
Moss Milch;6076;99;mmilch6z@tiny.cc;123459291
Loralyn Alp;6086;22;lalp70@hhs.gov;123459301
Ernestine Harnott;6115;18;eharnott71@merriam-webster.com;123459318
Jacklin Buer;6132;31;jbuer72@cornell.edu;123459325
Joli Lindback;3333;28;jlindback73@technorati.com;123459332
Alyson Spafford;3333;11;aspafford74@wp.com;123459349
Zared Aysik;3335;47;zaysik75@reverbnation.com;123459356
Grantham Bricksey;6088;74;gbricksey76@sakura.ne.jp;123459363
Kyle Carlin;8394;96;kcarlin77@google.fr;123459370
Jeane Whiskerd;9985;63;jwhiskerd78@illinois.edu;123459387
Carling Morena;2015;73;cmorena79@diigo.com;123459394
Livvie Riditch;4243;40;lriditch7a@shutterfly.com;123459404
Aile Edeson;3300;13;aedeson7b@whitehouse.gov;123459411
Cory Matzen;4264;40;cmatzen7c@biblegateway.com;123459428
Jeralee Brason;6000;65;jbrason7d@imdb.com;123459435
Maxwell Dy;2023;86;mdy7e@topsy.com;123459442
Salmon Dignam;9954;50;sdignam7f@qq.com;123459459
Pren Cicccitti;6114;100;pcicccitti7g@indiatimes.com;123459466
Gilberte Gather;8373;88;ggather7h@yale.edu;123459473
Natassia Trivett;4273;63;ntrivett7i@digg.com;123459480
Yule Siegertsz;8400;86;ysiegertsz7j@va.gov;123459497
Laurens Greenan;6136;29;lgreenan7k@elpais.com;123459507
Daveta Jaquin;5510;64;djaquin7l@buzzfeed.com;123459514
Claudia Ahern;9953;66;cahern7m@dmoz.org;123459521
Emelia McDermot;6096;42;emcdermot7n@smh.com.au;123459538
Ralf Loftus;6031;27;rloftus7o@histats.com;123459545
Janaya Longbone;8400;25;jlongbone7p@sfgate.com;123459552
Shayne Goskar;2024;73;sgoskar7q@gizmodo.com;123459569
Graeme Titmarsh;4273;78;gtitmarsh7r@cyberchimps.com;123459576
Bill Cuthill;6035;18;bcuthill7s@prweb.com;123459583
Jorie Braznell;5510;62;jbraznell7t@yellowpages.com;123459590
Gretal Hurdle;6135;90;ghurdle7u@wisc.edu;123459600
Arlyne Shuttell;6043;59;ashuttell7v@economist.com;123459617
Bentlee Sjostrom;7527;25;bsjostrom7w@acquirethisname.com;123459624
Rosana Broadwell;8372;87;rbroadwell7x@imdb.com;123459631
Jarrid Matfin;4273;76;jmatfin7y@booking.com;123459648
Quint Humfrey;8395;47;qhumfrey7z@mapquest.com;123459655
Errol Greenwell;2022;55;egreenwell80@joomla.org;123459662
Tracy Rawlingson;3325;63;trawlingson81@pagesperso-orange.fr;123459679
Moritz Peggram;6087;49;mpeggram82@studiopress.com;123459686
Stacie Metzke;4253;85;smetzke83@comcast.net;123459693
Doria Youster;7522;82;dyouster84@godaddy.com;123459703
Gibby Blackway;8373;93;gblackway85@google.fr;123459710
Gianina Rambadt;9951;53;grambadt86@eventbrite.com;123459727
Rudie Orhrt;9953;30;rorhrt87@plala.or.jp;123459734
Velvet Hake;6062;36;vhake88@imdb.com;123459741
Kelli Bilborough;6111;58;kbilborough89@webmd.com;123459758
Pren Steuart;6044;64;psteuart8a@hc360.com;123459765
Brade Parton;6087;30;bparton8b@irs.gov;123459772
Mariquilla Walak;6222;96;mwalak8c@blogspot.com;123459789
Maegan Beamont;4273;81;mbeamont8d@about.me;123459796
Heda Rougier;6067;42;hrougier8e@dot.gov;123459806
Perl Beniesh;7517;67;pbeniesh8f@live.com;123459813
Iorgo Huyge;4245;93;ihuyge8g@discuz.net;123459820
Clem Manuele;7523;28;cmanuele8h@geocities.jp;123459837
Bee Cloughton;6088;100;bcloughton8i@indiatimes.com;123459844
Norina Blennerhassett;6211;34;nblennerhassett8j@spotify.com;123459851
Freeman Lovering;5500;41;flovering8k@cbc.ca;123459868
Eddie Aps;4252;66;eaps8l@technorati.com;123459875
Erasmus Andrysiak;6055;84;eandrysiak8m@ameblo.jp;123459882
Regan Tatford;7523;26;rtatford8n@1und1.de;123459899
Raffarty Hazeley;6224;48;rhazeley8o@tuttocitta.it;123459909
Latia Andrew;7525;22;landrew8p@usgs.gov;123459916
Andrea Trowsdall;3331;47;atrowsdall8q@youku.com;123459923
Jabez Keward;7527;75;jkeward8r@slideshare.net;123459930
Jeanette Allot;2014;16;jallot8s@nasa.gov;123459947
Kirby Primrose;6042;57;kprimrose8t@biglobe.ne.jp;123459954
Reena Dymond;4244;37;rdymond8u@goodreads.com;123459961
Renado Whittlesee;4245;21;rwhittlesee8v@istockphoto.com;123459978
Alano Damp;8394;56;adamp8w@admin.ch;123459985
Dotty Fallens;2009;92;dfallens8x@com.com;123459992
Diane-marie Speechley;2011;45;dspeechley8y@ucsd.edu;123460002
Elene Le Fevre;9952;55;ele8z@symantec.com;123460019
Inglebert Ogden;9982;29;iogden90@naver.com;123460026
Ania Lucien;2014;95;alucien91@state.gov;123460033
Pate Innes;7521;23;pinnes92@shop-pro.jp;123460040
Gilbertina Ruberry;8400;30;gruberry93@sphinn.com;123460057
Carce Skones;4266;43;cskones94@sciencedirect.com;123460064
Lesly London;6131;71;llondon95@merriam-webster.com;123460071
Annadiane Mattys;8360;98;amattys96@paypal.com;123460088
Aileen Winslade;5510;82;awinslade97@home.pl;123460095
Burch Cabena;6045;72;bcabena98@t.co;123460105
Patrick Frake;6113;97;pfrake99@elpais.com;123460112
Norene Jansema;2022;46;njansema9a@hubpages.com;123460129
Jeramie Hilling;6008;84;jhilling9b@house.gov;123460136
Eryn Hoodspeth;4263;64;ehoodspeth9c@skype.com;123460143
Annmarie Dantesia;8371;50;adantesia9d@amazon.co.uk;123460150
Dino Juggings;9955;98;djuggings9e@tmall.com;123460167
Shaw McGriele;6067;48;smcgriele9f@delicious.com;123460174
Hendrik Donaho;6087;32;hdonaho9g@nationalgeographic.com;123460181
Gwenora Pendrick;3332;57;gpendrick9h@biglobe.ne.jp;123460198
Parry Dumper;6031;24;pdumper9i@blogspot.com;123460208
Zonda Toulmin;6075;43;ztoulmin9j@usgs.gov;123460215
Daffie Landers;5515;62;dlanders9k@foxnews.com;123460222
Boris Cavy;4267;13;bcavy9l@microsoft.com;123460239
Jefferson Aylward;8371;54;jaylward9m@earthlink.net;123460246
Claiborn Jurczik;4246;50;cjurczik9n@wikimedia.org;123460253
Annemarie Panniers;6050;47;apanniers9o@about.me;123460260
Piper Negus;6078;74;pnegus9p@wordpress.com;123460277
Isiahi Eastmond;5502;61;ieastmond9q@multiply.com;123460284
Rolfe Marnes;2017;75;rmarnes9r@goodreads.com;123460291
Lars Kondratyuk;9954;30;lkondratyuk9s@marriott.com;123460301
Mario Kloska;6076;32;mkloska9t@topsy.com;123460318
Vonny Mazzey;8360;92;vmazzey9u@examiner.com;123460325
Irvin Beavan;6200;38;ibeavan9v@mac.com;123460332
Vincenty Wasteney;4266;43;vwasteney9w@examiner.com;123460349
Maurice Clarabut;6136;99;mclarabut9x@goodreads.com;123460356
Missy Parsonson;2015;93;mparsonson9y@taobao.com;123460363
Valencia Aldins;3335;68;valdins9z@1688.com;123460370
Phaidra Kauble;9953;51;pkaublea0@dyndns.org;123460387
Walsh Daventry;3321;29;wdaventrya1@google.es;123460394
Fiorenze Matschke;3335;53;fmatschkea2@unblog.fr;123460404
Sherman Masdin;7524;100;smasdina3@twitpic.com;123460411
Edwina Dering;3326;20;ederinga4@chicagotribune.com;123460428
Micheal Anmore;2013;36;manmorea5@chicagotribune.com;123460435
Felice Eddowes;4244;94;feddowesa6@typepad.com;123460442
Cary Igounet;7521;38;cigouneta7@nba.com;123460459
Bert Cullinan;5502;89;bcullinana8@typepad.com;123460466
Birdie Jinkin;2016;76;bjinkina9@creativecommons.org;123460473
Zondra Bernolet;4242;33;zbernoletaa@admin.ch;123460480
Katherina Harsnep;4254;76;kharsnepab@rediff.com;123460497
King Arlett;6097;56;karlettac@army.mil;123460507
Paxon Bucklee;6077;97;pbuckleead@fotki.com;123460514
Jeanette Ratcliffe;6041;95;jratcliffeae@bloglovin.com;123460521
Bill McPeake;3334;27;bmcpeakeaf@sciencedaily.com;123460538
Flore Bonnavant;3325;65;fbonnavantag@google.ru;123460545
Lara Trewett;4267;81;ltrewettah@cocolog-nifty.com;123460552
Abbie Eggerton;4253;33;aeggertonai@smugmug.com;123460569
Margarette Itzkov;2021;47;mitzkovaj@unblog.fr;123460576
Kassi Avrahamov;3335;68;kavrahamovak@i2i.jp;123460583
Katharina Innett;6033;48;kinnettal@issuu.com;123460590
Yolanthe Tutton;7523;81;ytuttonam@nba.com;123460600
Erich Brinsford;5500;24;ebrinsfordan@skype.com;123460617
Lynnea Bonnick;7527;52;lbonnickao@phpbb.com;123460624
Ax Pachta;2000;79;apachtaap@istockphoto.com;123460631
Madge Donnett;2021;63;mdonnettaq@theatlantic.com;123460648
Lotte Fere;7523;77;lferear@newsvine.com;123460655
Nathan Antram;6065;72;nantramas@smugmug.com;123460662
Caroline Filipov;5471;58;cfilipovat@gov.uk;123460679
Brocky Borland;6035;69;bborlandau@histats.com;123460686
Kary Vickress;6066;16;kvickressav@de.vu;123460693
Jordanna Denerley;9953;15;jdenerleyaw@exblog.jp;123460703
Arthur Quaife;4274;69;aquaifeax@chronoengine.com;123460710
Anitra Goghin;3326;68;agoghinay@usgs.gov;123460727
Oralia Kleinhandler;4251;43;okleinhandleraz@blogtalkradio.com;123460734
Lonnie Mathonnet;6060;90;lmathonnetb0@pen.io;123460741
Mill Tarry;6096;87;mtarryb1@mashable.com;123460758
Adelice Broke;6114;48;abrokeb2@nydailynews.com;123460765
Lilah Cale;9962;82;lcaleb3@webs.com;123460772
Ephrem Asty;2000;92;eastyb4@ucoz.com;123460789
Tull Munnings;8393;50;tmunningsb5@phpbb.com;123460796
Fleur Schimank;4264;88;fschimankb6@myspace.com;123460806
Renata Stelfax;5516;64;rstelfaxb7@netvibes.com;123460813
Gui Sainsberry;2013;92;gsainsberryb8@google.pl;123460820
Trent Welling;4272;87;twellingb9@barnesandnoble.com;123460837
Kimbra Lodin;6041;73;klodinba@about.com;123460844
Clem Nassy;2017;84;cnassybb@livejournal.com;123460851
Omero Hammell;3333;70;ohammellbc@redcross.org;123460868
Elicia Filppetti;6055;67;efilppettibd@ftc.gov;123460875
Lacie Pawlowicz;2013;35;lpawlowiczbe@soundcloud.com;123460882
Morgan Brownsill;2014;39;mbrownsillbf@xrea.com;123460899
Carce Ellsbury;6230;66;cellsburybg@squidoo.com;123460909
Kerry Hush;2022;95;khushbh@usnews.com;123460916
Trip Battie;3321;16;tbattiebi@europa.eu;123460923
Haleigh Tyer;2016;15;htyerbj@geocities.jp;123460930
Madelin McNeigh;5474;53;mmcneighbk@hatena.ne.jp;123460947
Austin Seaborn;6070;32;aseabornbl@nps.gov;123460954
Ben Shevlane;6131;71;bshevlanebm@nhs.uk;123460961
Harlen Smorthit;2022;98;hsmorthitbn@ocn.ne.jp;123460978
Carr Denmead;4264;60;cdenmeadbo@un.org;123460985
Stefanie Coombs;6120;55;scoombsbp@opensource.org;123460992
Carline Seamer;2024;86;cseamerbq@rediff.com;123461009
Carey Delamaine;8380;14;cdelamainebr@scientificamerican.com;123461016
Derry Catlow;6096;82;dcatlowbs@samsung.com;123461023
Meredith Margarson;8391;67;mmargarsonbt@netvibes.com;123461030
Jefferson Malenfant;6060;49;jmalenfantbu@imageshack.us;123461047
Roby Curryer;6087;89;rcurryerbv@samsung.com;123461054
Noelyn Ambrodi;8373;15;nambrodibw@gnu.org;123461061
Brig Craigg;7521;96;bcraiggbx@purevolume.com;123461078
Vincents Foad;6223;33;vfoadby@blogspot.com;123461085
Yuri Lettson;6235;94;ylettsonbz@csmonitor.com;123461092
Brennan Hymans;7522;15;bhymansc0@usnews.com;123461102
Scarlett Stellino;6088;25;sstellinoc1@infoseek.co.jp;123461119
Marianne Hutt;2000;25;mhuttc2@wordpress.com;123461126
Mufi Ricciardelli;4252;81;mricciardellic3@google.cn;123461133
Caria Maly;6112;52;cmalyc4@utexas.edu;123461140
Electra Turnpenny;6116;79;eturnpennyc5@google.com.br;123461157
Connor Impy;7526;89;cimpyc6@harvard.edu;123461164
Kesley Skoggings;6035;12;kskoggingsc7@dailymail.co.uk;123461171
Russell Wilkie;8380;16;rwilkiec8@last.fm;123461188
Marna Kringe;2013;24;mkringec9@elegantthemes.com;123461195
Suki Ackrill;6116;18;sackrillca@zdnet.com;123461205
Blanche Hardiman;9970;44;bhardimancb@storify.com;123461212
Natalee Bathow;4252;28;nbathowcc@is.gd;123461229
Royce Knowler;5502;42;rknowlercd@rediff.com;123461236
Carlin Kamen;6064;60;ckamence@dedecms.com;123461243
Charlena New;6120;56;cnewcf@ifeng.com;123461250
Lucie O'Spellissey;5465;99;lospellisseycg@mozilla.com;123461267
Kasey Skelington;6114;38;kskelingtonch@adobe.com;123461274
Koral Geaney;6115;22;kgeaneyci@nsw.gov.au;123461281
Hoyt Yaus;3331;96;hyauscj@oaic.gov.au;123461298
Rickie Seyffert;9983;39;rseyffertck@squarespace.com;123461308
Casar Leipold;6067;44;cleipoldcl@tmall.com;123461315
Baron Craighall;6097;12;bcraighallcm@answers.com;123461322
Dorthy Espina;6090;68;despinacn@blogger.com;123461339
Brnaba McClure;6064;100;bmcclureco@google.com;123461346
Carena Alexandersen;9952;11;calexandersencp@msu.edu;123461353
Harlen Kettlestringe;5516;20;hkettlestringecq@nyu.edu;123461360
Kimberly McNirlin;6115;25;kmcnirlincr@wordpress.org;123461377
Gardner Barrus;8394;43;gbarruscs@mapquest.com;123461384
Sloane Thirlwall;6100;85;sthirlwallct@sphinn.com;123461391
Korney Emsden;6112;58;kemsdencu@hugedomains.com;123461401
Stan Laverty;6133;96;slavertycv@elegantthemes.com;123461418
Caryl Union;8392;90;cunioncw@bloglines.com;123461425
Kellen Hutchins;9982;15;khutchinscx@java.com;123461432
Ninnette Gwinnel;7527;99;ngwinnelcy@nps.gov;123461449
Berne Round;2011;18;broundcz@constantcontact.com;123461456
Eberhard Illsley;6032;68;eillsleyd0@cdbaby.com;123461463
Chrysler Ivanisov;6077;56;civanisovd1@imageshack.us;123461470
Fernandina Brigstock;6066;15;fbrigstockd2@ocn.ne.jp;123461487
Palm Grunwall;6077;80;pgrunwalld3@kickstarter.com;123461494
Hamish Ottewell;3327;62;hottewelld4@japanpost.jp;123461504
Guido Thistleton;9953;57;gthistletond5@blogs.com;123461511
Cthrine Baskeyfied;5500;25;cbaskeyfiedd6@gizmodo.com;123461528
Evelina Ivamy;3300;44;eivamyd7@ucoz.ru;123461535
Josey Helleker;4251;57;jhellekerd8@go.com;123461542
Shelli Lonsbrough;3326;24;slonsbroughd9@infoseek.co.jp;123461559
Claiborn Slatford;4243;80;cslatfordda@tamu.edu;123461566
Billy Taig;4262;36;btaigdb@mit.edu;123461573
Tommi Josephs;6031;17;tjosephsdc@discovery.com;123461580
Mireille Novill;9983;72;mnovilldd@clickbank.net;123461597
Kynthia Warham;2011;74;kwarhamde@google.pl;123461607
Cirstoforo Easdon;9982;43;ceasdondf@xinhuanet.com;123461614
Lin Van der Linde;4252;85;lvandg@chicagotribune.com;123461621
Ruthe Bromehead;6077;37;rbromeheaddh@jalbum.net;123461638
Portie Merrill;6096;94;pmerrilldi@google.ru;123461645
Helen-elizabeth Backen;6088;21;hbackendj@google.pl;123461652
Quint Kindell;4252;55;qkindelldk@twitter.com;123461669
Nalani Idiens;6100;14;nidiensdl@amazonaws.com;123461676
Manda Iowarch;5510;70;miowarchdm@businessweek.com;123461683
Teri Mackneis;4244;14;tmackneisdn@columbia.edu;123461690
Cy Howard;8373;79;chowarddo@usa.gov;123461700
Archibaldo Pilger;4246;11;apilgerdp@stumbleupon.com;123461717
Antonie Makey;6223;41;amakeydq@skype.com;123461724
Kariotta Gerrett;4245;67;kgerrettdr@pen.io;123461731
Bobbie Joriot;2017;51;bjoriotds@twitter.com;123461748
Christophorus Tippler;3324;96;ctipplerdt@bizjournals.com;123461755
Welsh Dimitrov;6116;47;wdimitrovdu@usda.gov;123461762
Beatriz Barrott;8380;37;bbarrottdv@dion.ne.jp;123461779
Zed Janew;9952;92;zjanewdw@desdev.cn;123461786
Evelin Clemenzi;6096;69;eclemenzidx@statcounter.com;123461793
Jan Armor;6065;19;jarmordy@so-net.ne.jp;123461803
Scarlett Gracey;6078;67;sgraceydz@wisc.edu;123461810
Ethe MacPeice;9962;82;emacpeicee0@uol.com.br;123461827
Hugibert Marvelley;3300;37;hmarvelleye1@narod.ru;123461834
Padgett Petrosian;5475;36;ppetrosiane2@ucsd.edu;123461841
Kathie Trundell;3328;32;ktrundelle3@amazon.co.jp;123461858
Jerrine Golthorpp;5510;85;jgolthorppe4@cisco.com;123461865
Merilee Eveque;6235;96;mevequee5@shareasale.com;123461872
Wilden St Ledger;6008;60;wste6@hud.gov;123461889
Philipa Tocher;8400;43;ptochere7@topsy.com;123461896
Bernardina Harteley;9982;54;bharteleye8@amazonaws.com;123461906
Olivie Woodfine;6224;74;owoodfinee9@gov.uk;123461913
Yorke Hucke;7524;47;yhuckeea@sina.com.cn;123461920
Didi Wimbury;6050;75;dwimburyeb@blinklist.com;123461937
Olivette Ilden;6134;37;oildenec@bloglines.com;123461944
Noby Boch;8393;72;nboched@imdb.com;123461951
Gaylord De Blase;4246;23;gdeee@cdc.gov;123461968
Eleanore Epsly;8380;80;eepslyef@columbia.edu;123461975
Giustina Sickert;8395;42;gsickerteg@ameblo.jp;123461982
Norrie Lanktree;2017;99;nlanktreeeh@booking.com;123461999
Normy Sedworth;8393;26;nsedworthei@sohu.com;123462006
Daniel Rodgier;2024;69;drodgierej@is.gd;123462013
Corbin Broomfield;6221;41;cbroomfieldek@bluehost.com;123462020
Nobie McMonies;3326;13;nmcmoniesel@disqus.com;123462037
Elyse Lawlance;3326;17;elawlanceem@themeforest.net;123462044
Napoleon Greggor;2024;16;ngreggoren@dyndns.org;123462051
Cordula Nyssens;5465;73;cnyssenseo@springer.com;123462068
Hebert Reubens;6211;67;hreubensep@google.ru;123462075
Elisabetta Greenleaf;6112;85;egreenleafeq@bandcamp.com;123462082
Artus Gathercoal;5465;62;agathercoaler@illinois.edu;123462099
May Yellowlee;6075;72;myellowleees@thetimes.co.uk;123462109
Leonid Polycote;6114;61;lpolycoteet@adobe.com;123462116
Margeaux Bromhead;9953;39;mbromheadeu@stumbleupon.com;123462123
Melisandra Edinboro;4274;61;medinboroev@flavors.me;123462130
Kassi Brightey;6008;13;kbrighteyew@wisc.edu;123462147
Norina Thulborn;6223;93;nthulbornex@auda.org.au;123462154
Neda Woolway;6200;92;nwoolwayey@bigcartel.com;123462161
Mar Beverstock;7527;48;mbeverstockez@exblog.jp;123462178
Saundra Brighouse;3328;35;sbrighousef0@intel.com;123462185
Filmore Dach;8371;37;fdachf1@who.int;123462192
Elvina Spearman;2015;65;espearmanf2@mysql.com;123462202
Catrina Rome;6077;93;cromef3@hibu.com;123462219
Justine Maleck;6221;82;jmaleckf4@unblog.fr;123462226
Trumaine Belli;9955;99;tbellif5@deviantart.com;123462233
Reagan Trolley;8392;23;rtrolleyf6@vinaora.com;123462240
Montague Hallford;5471;16;mhallfordf7@hubpages.com;123462257
Dorie Danelut;5465;71;ddanelutf8@cdc.gov;123462264
Kalli Featherstonhaugh;6230;56;kfeatherstonhaughf9@craigslist.org;123462271
Dana Lloyds;5476;92;dlloydsfa@i2i.jp;123462288
Tamqrah Inott;6000;97;tinottfb@shop-pro.jp;123462295
Halie Duffil;5475;32;hduffilfc@opera.com;123462305
Cammie Cuxson;6041;45;ccuxsonfd@mail.ru;123462312
Aleksandr Bertlin;6235;13;abertlinfe@slashdot.org;123462329
Eldin Hovenden;6211;37;ehovendenff@hexun.com;123462336
Redford Buck;8371;17;rbuckfg@google.ru;123462343
Leonanie Landon;6031;91;llandonfh@live.com;123462350
Gothart McLoney;6067;44;gmcloneyfi@springer.com;123462367
Olivier Scotchbourouge;9970;78;oscotchbourougefj@shutterfly.com;123462374
Eveleen Gason;6066;65;egasonfk@cbc.ca;123462381
Mollee Silkston;6070;96;msilkstonfl@cornell.edu;123462398
Chico Goodright;6086;19;cgoodrightfm@moonfruit.com;123462408
Lucia Lapides;6221;20;llapidesfn@xing.com;123462415
Horst Hullin;2022;42;hhullinfo@tmall.com;123462422
Olympe Dunsmore;6032;90;odunsmorefp@statcounter.com;123462439
Leora Mendoza;2013;77;lmendozafq@skype.com;123462446
Cece Dowdell;9970;20;cdowdellfr@flickr.com;123462453
Madelene Fretwell;8373;96;mfretwellfs@is.gd;123462460
Lucien Tackell;6077;21;ltackellft@microsoft.com;123462477
Cathleen Andrioni;9985;21;candrionifu@drupal.org;123462484
Bernie Feasley;9985;78;bfeasleyfv@thetimes.co.uk;123462491
Karissa Ganing;6088;72;kganingfw@de.vu;123462501
Tanner Bartoszewski;8380;60;tbartoszewskifx@adobe.com;123462518
Evie Spores;3334;15;esporesfy@mail.ru;123462525
Daphne Spurrier;6111;53;dspurrierfz@last.fm;123462532
Gradeigh Petera;6200;90;gpeterag0@shutterfly.com;123462549
Brittne Swinburne;8400;53;bswinburneg1@nba.com;123462556
Harwilll Cambden;6042;26;hcambdeng2@nyu.edu;123462563
Kendell Dougliss;6113;13;kdouglissg3@wp.com;123462570
Ronna Goodwyn;2023;38;rgoodwyng4@indiegogo.com;123462587
Cirstoforo Tinston;6230;21;ctinstong5@timesonline.co.uk;123462594
Torrin O'Cannovane;6224;96;tocannovaneg6@chicagotribune.com;123462604
Elfie Morrilly;6044;37;emorrillyg7@indiatimes.com;123462611
Consalve Linacre;6221;47;clinacreg8@dell.com;123462628
Ericha Melmeth;2016;27;emelmethg9@geocities.com;123462635
Donnell Reyner;3334;63;dreynerga@usatoday.com;123462642
Roze Pinard;5474;92;rpinardgb@chicagotribune.com;123462659
Car Shakelady;6064;48;cshakeladygc@mozilla.com;123462666
Goldie Bolt;9962;17;gboltgd@webnode.com;123462673
Roderic Lawrey;2000;79;rlawreyge@blogspot.com;123462680
Tally Peegrem;4253;76;tpeegremgf@forbes.com;123462697
Minnie Teodorski;6115;92;mteodorskigg@who.int;123462707
Leonhard Clappison;6223;77;lclappisongh@google.nl;123462714
Leslie Rykert;4271;59;lrykertgi@upenn.edu;123462721
Grethel Keeney;6050;96;gkeeneygj@army.mil;123462738
Lucretia Toplin;6090;60;ltoplingk@sfgate.com;123462745
Ciel Perllman;7522;14;cperllmangl@umich.edu;123462752
Minerva Filintsev;7527;55;mfilintsevgm@wunderground.com;123462769
Carlee Stothart;9953;75;cstothartgn@ezinearticles.com;123462776
Gerhardt Heineken;4272;24;gheinekengo@amazon.com;123462783
Glyn Tohill;6098;39;gtohillgp@mac.com;123462790
Tonnie Gooden;2024;65;tgoodengq@mtv.com;123462800
Dominica MacLise;2023;90;dmaclisegr@myspace.com;123462817
Timmy Blackaby;3300;76;tblackabygs@stumbleupon.com;123462824
Mackenzie Friese;9982;94;mfriesegt@addthis.com;123462831
Cora Canby;5465;54;ccanbygu@cloudflare.com;123462848
Paige Sedgefield;9985;30;psedgefieldgv@over-blog.com;123462855
Karyl Lomath;5510;92;klomathgw@histats.com;123462862
Sherline Brinkworth;6043;62;sbrinkworthgx@soundcloud.com;123462879
Kimble Minshall;5476;32;kminshallgy@elegantthemes.com;123462886
Ebony Solloway;6133;43;esollowaygz@howstuffworks.com;123462893
Krissy Osmon;6085;46;kosmonh0@ehow.com;123462903
Lesli Gill;8372;25;lgillh1@cloudflare.com;123462910
Sandor Grattan;2017;48;sgrattanh2@prweb.com;123462927
Inessa Patrone;4262;13;ipatroneh3@google.pl;123462934
Kris Brewer;6050;43;kbrewerh4@nymag.com;123462941
Brendis O'Keeffe;6111;48;bokeeffeh5@ebay.co.uk;123462958
Maddie Mark;6075;93;mmarkh6@hud.gov;123462965
Modestine Gronw;4263;32;mgronwh7@hatena.ne.jp;123462972
Shawna Harral;6075;42;sharralh8@sfgate.com;123462989
Eveleen Rubega;8391;41;erubegah9@oaic.gov.au;123462996
Patrica Pitsall;9962;91;ppitsallha@seesaa.net;123463003
Sile MacCaig;9982;89;smaccaighb@gmpg.org;123463010
Ariela Shiers;6115;85;ashiershc@google.de;123463027
Lucky Faherty;6230;83;lfahertyhd@phoca.cz;123463034
Natalya Agass;6033;14;nagasshe@google.es;123463041
Shell Helsby;6078;78;shelsbyhf@spiegel.de;123463058
Truda Grills;6235;84;tgrillshg@scientificamerican.com;123463065
Yankee Chillcot;6088;17;ychillcothh@tripadvisor.com;123463072
Ashil Mcwhinnie;4251;84;amcwhinniehi@mtv.com;123463089
Angie McKniely;2016;96;amcknielyhj@hubpages.com;123463096
Grannie Camillo;6043;72;gcamillohk@gravatar.com;123463106
Ginni Robard;3332;26;grobardhl@last.fm;123463113
Nelie Kelleher;6224;68;nkelleherhm@sourceforge.net;123463120
Benedetta McKeller;6222;38;bmckellerhn@nba.com;123463137
Cam Witnall;6135;41;cwitnallho@sitemeter.com;123463144
Royal Prettyjohn;6223;67;rprettyjohnhp@hubpages.com;123463151
Jo ann Osipov;6034;42;jannhq@senate.gov;123463168
Magnum Cleaver;6060;54;mcleaverhr@vk.com;123463175
Norris Bednell;3335;100;nbednellhs@hatena.ne.jp;123463182
Othilia Wasmer;6131;74;owasmerht@simplemachines.org;123463199
Hugibert Brookton;6090;80;hbrooktonhu@fc2.com;123463209
Daffie Beveredge;9953;20;dbeveredgehv@fc2.com;123463216
Janela Grishmanov;6136;61;jgrishmanovhw@wsj.com;123463223
Richie Domnick;4271;54;rdomnickhx@ovh.net;123463230
Glenn Chattey;6223;99;gchatteyhy@sbwire.com;123463247
Lynna Heintz;3331;95;lheintzhz@kickstarter.com;123463254
Elladine Dobney;4244;62;edobneyi0@marriott.com;123463261
Nettle Morch;6132;13;nmorchi1@epa.gov;123463278
Patricio Whitcher;9961;72;pwhitcheri2@eventbrite.com;123463285
Gerta Lethley;6060;39;glethleyi3@jugem.jp;123463292
Britteny Kelsow;4273;61;bkelsowi4@foxnews.com;123463302
Morissa Croasdale;4246;48;mcroasdalei5@cbc.ca;123463319
Bibbye Crier;5476;45;bcrieri6@marriott.com;123463326
Tyson Plott;3334;87;tplotti7@latimes.com;123463333
Staffard Paulich;6076;55;spaulichi8@cnn.com;123463340
Michaella Daventry;6134;53;mdaventryi9@cmu.edu;123463357
Giorgia Cloughton;6200;74;gcloughtonia@amazon.de;123463364
Lurleen Goldie;4266;59;lgoldieib@icq.com;123463371
Alastair Sawden;6055;48;asawdenic@blogtalkradio.com;123463388
Robinette Huckstepp;6078;37;rhucksteppid@youtube.com;123463395
Chic Bowgen;3300;27;cbowgenie@timesonline.co.uk;123463405
Dana Braithwaite;6133;46;dbraithwaiteif@4shared.com;123463412
Kirbee South;7521;60;ksouthig@furl.net;123463429
Hiram McKitterick;9982;92;hmckitterickih@technorati.com;123463436
Flossy Clows;2014;98;fclowsii@angelfire.com;123463443
Timothea Nurny;3324;12;tnurnyij@house.gov;123463450
Scarlett Batalle;5515;35;sbatalleik@is.gd;123463467
Lorry Fessions;7525;69;lfessionsil@addthis.com;123463474
Dominic Crane;2000;93;dcraneim@tiny.cc;123463481
Patricio Ousley;3300;30;pousleyin@123-reg.co.uk;123463498
Shelley Schutte;6098;17;sschutteio@google.it;123463508
Theo Kiernan;6045;49;tkiernanip@yale.edu;123463515
Lydia Quinet;6116;89;lquinetiq@nifty.com;123463522
Marketa Fleming;6221;98;mflemingir@dailymotion.com;123463539
Kinsley Turbard;8360;59;kturbardis@cnet.com;123463546
Mag Scholfield;3331;59;mscholfieldit@zimbio.com;123463553
Hewitt Carwithim;8373;70;hcarwithimiu@army.mil;123463560
Brigitte Pendre;6000;60;bpendreiv@wp.com;123463577
Dorette Wherrit;6098;74;dwherritiw@rambler.ru;123463584
Pepito Abbati;4262;35;pabbatiix@abc.net.au;123463591
Emmalynne Chellam;6116;61;echellamiy@deliciousdays.com;123463601
Carmina Auchterlonie;6132;15;cauchterlonieiz@merriam-webster.com;123463618
Arlette Kerman;6096;46;akermanj0@imdb.com;123463625
Chick Arndell;6230;55;carndellj1@npr.org;123463632
Nicola Darlow;9983;48;ndarlowj2@qq.com;123463649
Ivett Martinat;4242;22;imartinatj3@studiopress.com;123463656
Chantal MacCawley;6200;47;cmaccawleyj4@mlb.com;123463663
Linc Van Der Walt;4271;72;lvanj5@berkeley.edu;123463670
Starlene Hallagan;6045;56;shallaganj6@usgs.gov;123463687
Andeee Ruggen;2024;58;aruggenj7@tinyurl.com;123463694
Kevan Crosskill;9981;54;kcrosskillj8@psu.edu;123463704
Bret Hrus;4274;25;bhrusj9@mapquest.com;123463711
Randi Cray;8391;11;rcrayja@aboutads.info;123463728
Vivie Colby;4251;18;vcolbyjb@weibo.com;123463735
Dacy Colman;6077;74;dcolmanjc@360.cn;123463742
Merlina Seczyk;6080;93;mseczykjd@house.gov;123463759
Carolynn Pippin;6086;71;cpippinje@acquirethisname.com;123463766
Percival Cattemull;2014;61;pcattemulljf@dailymail.co.uk;123463773
Juline Tomaino;8394;18;jtomainojg@imageshack.us;123463780
Egor Bader;6080;88;ebaderjh@hatena.ne.jp;123463797
Beret Mutton;6120;20;bmuttonji@hostgator.com;123463807
Barri Stannion;8394;49;bstannionjj@odnoklassniki.ru;123463814
Matthiew Jachtym;3300;29;mjachtymjk@geocities.jp;123463821
Bourke O' Dooley;3321;98;bojl@boston.com;123463838
Vin Tipper;6064;75;vtipperjm@google.com.hk;123463845
Donnell Stollenwerck;6235;75;dstollenwerckjn@seattletimes.com;123463852
Mommy Edwards;5502;71;medwardsjo@tiny.cc;123463869
Nahum Kroll;6134;23;nkrolljp@dell.com;123463876
Betta Huyche;7523;94;bhuychejq@geocities.com;123463883
Delmore Vanelli;4272;65;dvanellijr@reuters.com;123463890
Shirley Gritsaev;6086;32;sgritsaevjs@homestead.com;123463900
Annabel Matskevich;7526;84;amatskevichjt@dion.ne.jp;123463917
Gertrudis Kerwick;2017;34;gkerwickju@ow.ly;123463924
Benji Cess;4271;66;bcessjv@icio.us;123463931
Petey Hrynczyk;4272;98;phrynczykjw@mashable.com;123463948
Ralph Ewer;6112;83;rewerjx@tiny.cc;123463955
Esteban Moulding;9982;58;emouldingjy@blinklist.com;123463962
Dean Baldetti;7527;80;dbaldettijz@deliciousdays.com;123463979
Putnam McCaughran;6041;48;pmccaughrank0@github.com;123463986
Robbert Selman;4253;93;rselmank1@soundcloud.com;123463993
Arlinda Beever;2024;80;abeeverk2@google.co.uk;123464000
Elisa Adelsberg;3333;39;eadelsbergk3@amazonaws.com;123464017
Mildrid McCluney;5474;21;mmccluneyk4@multiply.com;123464024
Francine Dumingo;6135;51;fdumingok5@dropbox.com;123464031
Elnore Darwent;7527;80;edarwentk6@loc.gov;123464048
Jehanna Malbon;5475;34;jmalbonk7@eventbrite.com;123464055
Gottfried Bottleson;9982;27;gbottlesonk8@sakura.ne.jp;123464062
Tawnya Libri;5515;38;tlibrik9@squidoo.com;123464079
Ginnie Thoumas;6114;89;gthoumaska@cnbc.com;123464086
Fawn Eastham;4264;35;feasthamkb@webnode.com;123464093
Avis Newlands;6080;79;anewlandskc@photobucket.com;123464103
Bell Oattes;7521;23;boatteskd@comcast.net;123464110
Theo Govey;6042;42;tgoveyke@usatoday.com;123464127
Padriac Sivil;6076;12;psivilkf@google.nl;123464134
Gareth Troppmann;6100;38;gtroppmannkg@amazonaws.com;123464141
Ryon Di Maggio;3324;42;rdikh@1und1.de;123464158
Elayne Ginnety;6222;45;eginnetyki@epa.gov;123464165
Guthrey Kalinsky;2021;42;gkalinskykj@redcross.org;123464172
Deana Areles;9982;95;dareleskk@mapquest.com;123464189
Brooks Seyers;6031;63;bseyerskl@telegraph.co.uk;123464196
Kessiah Adan;6132;65;kadankm@msu.edu;123464206
Helen Duesberry;2022;77;hduesberrykn@wordpress.org;123464213
Marla Burless;6034;77;mburlessko@odnoklassniki.ru;123464220
Melloney Sowrah;6098;50;msowrahkp@imgur.com;123464237
Kellie Priddie;9953;98;kpriddiekq@vk.com;123464244
Bianka Greatbatch;4262;33;bgreatbatchkr@goodreads.com;123464251
Korry Southby;9982;58;ksouthbyks@dyndns.org;123464268
Eddie Coleshill;6062;23;ecoleshillkt@icq.com;123464275
Averil Kindred;8392;69;akindredku@ycombinator.com;123464282
Clifford Dubber;6114;82;cdubberkv@answers.com;123464299
Eddy Konert;7524;45;ekonertkw@jigsy.com;123464309
Eberhard Hallgath;4254;83;ehallgathkx@webs.com;123464316
Corrina Garbert;3324;75;cgarbertky@cdbaby.com;123464323
Franky Hinsch;2021;90;fhinschkz@devhub.com;123464330
Clayborne O'Glassane;6043;55;coglassanel0@hexun.com;123464347
Alidia Domokos;9951;25;adomokosl1@360.cn;123464354
Lem Nellis;6078;33;lnellisl2@bloomberg.com;123464361
Hilliary Dearn;6131;13;hdearnl3@prlog.org;123464378
Caro Jedrzej;6100;57;cjedrzejl4@phpbb.com;123464385
Domenic Redihough;6034;17;dredihoughl5@nih.gov;123464392
Celestia Panichelli;4263;54;cpanichellil6@fc2.com;123464402
Rockwell Holdall;6235;84;rholdalll7@plala.or.jp;123464419
Willem Kebell;5476;54;wkebelll8@google.com.hk;123464426
Dani Letcher;7522;66;dletcherl9@chicagotribune.com;123464433
Gilbertine Flieger;3324;33;gfliegerla@artisteer.com;123464440
Cyrillus Fernier;6114;40;cfernierlb@fc2.com;123464457
Fayth Battin;3324;13;fbattinlc@nydailynews.com;123464464
Brit Brydell;6045;69;bbrydellld@skype.com;123464471
Annamarie Waker;6100;44;awakerle@mysql.com;123464488
Ramon Manger;3322;60;rmangerlf@nps.gov;123464495
Isabel Toping;7526;72;itopinglg@mapy.cz;123464505
Tessa Alflat;9982;24;talflatlh@rambler.ru;123464512
Marjy Smoth;3332;54;msmothli@who.int;123464529
Paola Freak;4264;79;pfreaklj@last.fm;123464536
Merwyn Westhofer;7523;79;mwesthoferlk@amazon.de;123464543
Darrel Gillman;3331;53;dgillmanll@samsung.com;123464550
Mariette Creber;6076;12;mcreberlm@google.com.br;123464567
Gertrudis McDoual;6045;42;gmcdoualln@purevolume.com;123464574
Harlie Gherardesci;4242;91;hgherardescilo@pcworld.com;123464581
Clarie Tremolieres;4274;76;ctremoliereslp@scribd.com;123464598
Wini Fretson;9962;77;wfretsonlq@networksolutions.com;123464608
Malvina Blackburn;3321;60;mblackburnlr@paypal.com;123464615
Harriette Broady;2014;96;hbroadyls@upenn.edu;123464622
Eric Pinke;3322;95;epinkelt@artisteer.com;123464639
Rogerio Gabala;6035;28;rgabalalu@xinhuanet.com;123464646
Brocky O' Loughran;8360;98;bolv@netvibes.com;123464653
Julee Faulkner;6031;24;jfaulknerlw@ifeng.com;123464660
Adora Lockyear;8371;87;alockyearlx@cdc.gov;123464677
Annelise Copping;6111;89;acoppingly@dropbox.com;123464684
Corbin Ende;9962;86;cendelz@chron.com;123464691
Verla Lawler;6133;31;vlawlerm0@paginegialle.it;123464701
Farleigh Bosward;6115;15;fboswardm1@scientificamerican.com;123464718
Mariam Mardling;8393;65;mmardlingm2@who.int;123464725
Clareta Withinshaw;3334;37;cwithinshawm3@miitbeian.gov.cn;123464732
Waverly Jollands;6041;98;wjollandsm4@barnesandnoble.com;123464749
Ewen Kapelhof;6111;15;ekapelhofm5@deliciousdays.com;123464756
Sula Vedekhin;5515;44;svedekhinm6@ucoz.ru;123464763
Franzen Carneck;6221;24;fcarneckm7@mashable.com;123464770
Jolyn Skalls;2015;25;jskallsm8@google.it;123464787
Nissa Bellamy;6087;82;nbellamym9@xinhuanet.com;123464794
Alfonso Shawley;4251;32;ashawleyma@vistaprint.com;123464804
Wallie Le-Good;6034;97;wlegoodmb@drupal.org;123464811
Masha Scottrell;4267;12;mscottrellmc@wix.com;123464828
Cinnamon Wastling;5474;80;cwastlingmd@domainmarket.com;123464835
Mara Martill;5520;94;mmartillme@linkedin.com;123464842
Else Brattell;6066;50;ebrattellmf@google.cn;123464859
Kitti Bursnall;6115;38;kbursnallmg@php.net;123464866
Wilfred Wilbud;6000;77;wwilbudmh@odnoklassniki.ru;123464873
Giffie Dabnot;6044;89;gdabnotmi@bloglovin.com;123464880
Teriann Valek;4245;29;tvalekmj@sogou.com;123464897
Nathalia Waples;3322;54;nwaplesmk@nytimes.com;123464907
Justinn Lathy;6050;30;jlathyml@bloglovin.com;123464914
Barbe Jagels;6062;19;bjagelsmm@i2i.jp;123464921
Bran Blaby;4245;43;bblabymn@hatena.ne.jp;123464938
Sherill Duding;6050;31;sdudingmo@nba.com;123464945
Jerad Veracruysse;9982;16;jveracruyssemp@seesaa.net;123464952
Marcelle Trusler;6086;27;mtruslermq@behance.net;123464969
Lezlie Lunam;5515;16;llunammr@dailymotion.com;123464976
Rebeka Klaggeman;9962;96;rklaggemanms@themeforest.net;123464983
Chandra Janik;3328;59;cjanikmt@jalbum.net;123464990
Hasheem Messager;8360;39;hmessagermu@discuz.net;123465007
Merilee Igglesden;9961;84;migglesdenmv@twitpic.com;123465014
Cate Hallahan;6136;18;challahanmw@webmd.com;123465021
Aindrea Vinau;6114;82;avinaumx@tripod.com;123465038
Pammie Callister;9951;32;pcallistermy@jigsy.com;123465045
Demetria Bradnick;4273;76;dbradnickmz@washingtonpost.com;123465052
Amitie Caveney;6033;100;acaveneyn0@facebook.com;123465069
Lannie Verbrugghen;6114;42;lverbrugghenn1@google.de;123465076
Noe Ranshaw;3322;65;nranshawn2@whitehouse.gov;123465083
Ferrell Anchor;6008;11;fanchorn3@about.com;123465090
Brear Houseago;6041;14;bhouseagon4@noaa.gov;123465100
Jacques Stubbings;9985;97;jstubbingsn5@noaa.gov;123465117
Johnath Harley;7525;50;jharleyn6@latimes.com;123465124
Gregory Gobolos;8391;66;ggobolosn7@hubpages.com;123465131
Lurleen Redihalgh;7526;15;lredihalghn8@engadget.com;123465148
Haskell Roll;9981;54;hrolln9@example.com;123465155
Kathy Robbins;6085;32;krobbinsna@theglobeandmail.com;123465162
Casar Flahive;6134;40;cflahivenb@reddit.com;123465179
Coreen Goggins;6112;57;cgogginsnc@wikia.com;123465186
Elene Dunridge;7522;47;edunridgend@chicagotribune.com;123465193
Paulie Higginbottam;6060;56;phigginbottamne@mashable.com;123465203
Grannie Cleeton;9961;85;gcleetonnf@nhs.uk;123465210
Saleem Atty;3327;72;sattyng@ucsd.edu;123465227
Davy Capaldo;6034;30;dcapaldonh@arizona.edu;123465234
Alwyn Danby;7525;97;adanbyni@imageshack.us;123465241
Maighdiln Filipov;6075;88;mfilipovnj@theatlantic.com;123465258
Jereme Reagan;7523;26;jreagannk@google.ru;123465265
Maurene Loynes;2021;29;mloynesnl@alibaba.com;123465272
Dilan Utting;4245;97;duttingnm@discovery.com;123465289
Rebe Bechley;6113;84;rbechleynn@wsj.com;123465296
Bettina Soppit;2009;85;bsoppitno@mapquest.com;123465306
Tabitha Sparks;6211;92;tsparksnp@msn.com;123465313
Dorice Rainy;9953;78;drainynq@e-recht24.de;123465320
Storm Kupka;9955;63;skupkanr@topsy.com;123465337
Emelyne Dunkerley;9981;58;edunkerleyns@flickr.com;123465344
Christi Crippes;5474;78;ccrippesnt@goo.gl;123465351
Helenelizabeth Hyndley;5520;85;hhyndleynu@webnode.com;123465368
Kathlin Catherick;9953;94;kcathericknv@artisteer.com;123465375
Ashlin Licciardello;9983;57;alicciardellonw@4shared.com;123465382
Cherilyn Eyckelbeck;4266;85;ceyckelbecknx@wikimedia.org;123465399
Ingmar Kenningham;3328;22;ikenninghamny@google.com;123465409
Corabella Chadbourne;6078;46;cchadbournenz@sfgate.com;123465416
Franklyn Dowdle;6136;98;fdowdleo0@google.nl;123465423
Angelle Colcomb;9961;80;acolcombo1@mac.com;123465430
Patti Jinkin;5474;50;pjinkino2@amazon.co.uk;123465447
Hobey Le Prevost;7527;47;hleo3@google.co.jp;123465454
Jehu Bortolazzi;6043;15;jbortolazzio4@stumbleupon.com;123465461
Raine Davitt;6090;61;rdavitto5@nature.com;123465478
Violette Hunnisett;6031;56;vhunnisetto6@berkeley.edu;123465485
Brantley Laugherane;7527;58;blaugheraneo7@salon.com;123465492
Malena Cowdry;3328;85;mcowdryo8@state.tx.us;123465502
Taber Hullah;8391;36;thullaho9@clickbank.net;123465519
Sergeant Babe;9982;80;sbabeoa@eventbrite.com;123465526
Mireielle Renoden;4243;69;mrenodenob@ucla.edu;123465533
Valentino Mitchenson;2021;96;vmitchensonoc@accuweather.com;123465540
Paxon Jachtym;7524;60;pjachtymod@skyrock.com;123465557
Tadeo Kann;9983;59;tkannoe@indiatimes.com;123465564
Waldo Tilt;4254;58;wtiltof@sun.com;123465571
Tracie Gillivrie;4272;98;tgillivrieog@army.mil;123465588
Odele Balmadier;4244;32;obalmadieroh@usnews.com;123465595
Mabel O'Curneen;4254;64;mocurneenoi@github.com;123465605
Jesse Dicken;6136;73;jdickenoj@digg.com;123465612
Tommie Trinder;9954;58;ttrinderok@youtube.com;123465629
Almira Moen;5476;32;amoenol@wikia.com;123465636
Hartley Battrick;6075;50;hbattrickom@biglobe.ne.jp;123465643
Freedman Hallagan;6098;75;fhallaganon@usgs.gov;123465650
Bil Scudder;9970;39;bscudderoo@pinterest.com;123465667
Stephannie Gorman;5471;51;sgormanop@rakuten.co.jp;123465674
Andi Lonie;9981;48;alonieoq@yahoo.co.jp;123465681
Tallia Smardon;4243;48;tsmardonor@columbia.edu;123465698
Winthrop Lang;6032;34;wlangos@friendfeed.com;123465708
Packston Cadamy;5510;99;pcadamyot@photobucket.com;123465715
Maryanne Wisby;6060;55;mwisbyou@microsoft.com;123465722
Arri Sunner;7524;75;asunnerov@hatena.ne.jp;123465739
Phaedra Whittingham;8395;81;pwhittinghamow@chron.com;123465746
Marijn Jope;5515;94;mjopeox@webeden.co.uk;123465753
Willi Metham;9952;20;wmethamoy@hao123.com;123465760
Madelena Flemyng;9962;24;mflemyngoz@histats.com;123465777
Hazlett Gorcke;2009;51;hgorckep0@blog.com;123465784
Lorne Reucastle;8392;29;lreucastlep1@nasa.gov;123465791
Tamra Pinel;9955;90;tpinelp2@trellian.com;123465801
Seth Lowndsborough;4246;100;slowndsboroughp3@digg.com;123465818
Sallyann Ciardo;5471;22;sciardop4@quantcast.com;123465825
Fernanda Dorgon;9983;51;fdorgonp5@adobe.com;123465832
Marcella Iwaszkiewicz;6070;15;miwaszkiewiczp6@ihg.com;123465849
Ginevra Faulconbridge;9983;41;gfaulconbridgep7@baidu.com;123465856
Gratiana Welden;6062;19;gweldenp8@sphinn.com;123465863
Felizio Gater;8372;41;fgaterp9@opera.com;123465870
Red Brinson;6044;93;rbrinsonpa@thetimes.co.uk;123465887
Fred Honnicott;6131;48;fhonnicottpb@lycos.com;123465894
Loralee Bunney;3333;96;lbunneypc@bravesites.com;123465904
Tybie Keepin;6135;30;tkeepinpd@salon.com;123465911
Daniela Grissett;2023;82;dgrissettpe@webnode.com;123465928
Katy Presnell;4266;11;kpresnellpf@mac.com;123465935
Chlo Petracco;4245;62;cpetraccopg@webmd.com;123465942
Freda Vaughan;6100;64;fvaughanph@alexa.com;123465959
Brigitte Pitrollo;6097;25;bpitrollopi@youtu.be;123465966
Nelle Joron;6120;20;njoronpj@google.ca;123465973
Mathias Duddan;7517;74;mduddanpk@dailymotion.com;123465980
Corey Pittock;4242;55;cpittockpl@hp.com;123465997
Town McFarlan;4273;48;tmcfarlanpm@msu.edu;123466004
Christal Hanfrey;6080;90;chanfreypn@reddit.com;123466011
Kean Halford;9983;75;khalfordpo@paypal.com;123466028
Udale Leavry;4242;40;uleavrypp@amazon.com;123466035
Niki Wilbraham;6065;42;nwilbrahampq@blogspot.com;123466042
Pammie Peet;6135;83;ppeetpr@mysql.com;123466059
Clarabelle Burfitt;7526;76;cburfittps@bloglines.com;123466066
Conant Diggell;4252;28;cdiggellpt@hhs.gov;123466073
Georgena Reeson;9983;74;greesonpu@spiegel.de;123466080
Zorana Chinn;5502;83;zchinnpv@godaddy.com;123466097
Dilan Lambert-Ciorwyn;8372;91;dlambertciorwynpw@umich.edu;123466107
Al Gay;3323;22;agaypx@bluehost.com;123466114
Susy Minker;4274;46;sminkerpy@youtube.com;123466121
Melodee Vicent;6044;100;mvicentpz@com.com;123466138
Ernesta Sealy;4263;35;esealyq0@ehow.com;123466145
Crin Jozefowicz;4274;20;cjozefowiczq1@go.com;123466152
Ameline Urrey;3332;56;aurreyq2@intel.com;123466169
Derward Gynni;3323;44;dgynniq3@techcrunch.com;123466176
Arlette Stealfox;6078;35;astealfoxq4@ucla.edu;123466183
Dorie Ellerman;3322;41;dellermanq5@hubpages.com;123466190
Lonna Wisker;3325;94;lwiskerq6@51.la;123466200
Roze Quinton;4251;56;rquintonq7@time.com;123466217
Kristan Spittle;3326;82;kspittleq8@live.com;123466224
Angelo Burchatt;3325;56;aburchattq9@bbc.co.uk;123466231
Gabriell Oxtarby;6070;29;goxtarbyqa@dot.gov;123466248
Queenie Burnep;2013;51;qburnepqb@pbs.org;123466255
Livia Lomb;6035;13;llombqc@hud.gov;123466262
Rhetta Dandy;3326;19;rdandyqd@spiegel.de;123466279
Constantine Rosthorn;7523;75;crosthornqe@imdb.com;123466286
Mac Uppett;6116;36;muppettqf@xing.com;123466293
Packston Mc Carrick;3325;87;pmcqg@wunderground.com;123466303
Yuma Diable;9962;60;ydiableqh@sbwire.com;123466310
Haily Cushion;2016;58;hcushionqi@about.com;123466327
Melanie Ragborne;8394;24;mragborneqj@amazon.com;123466334
Cirilo Jasper;6008;47;cjasperqk@liveinternet.ru;123466341
Harriette Northwood;7523;14;hnorthwoodql@odnoklassniki.ru;123466358
Agnese Clowney;2011;78;aclowneyqm@howstuffworks.com;123466365
Ardis Cobbald;3327;44;acobbaldqn@odnoklassniki.ru;123466372
Erek Dunkerton;4271;71;edunkertonqo@dot.gov;123466389
Isaak Causey;7517;87;icauseyqp@timesonline.co.uk;123466396
Tiffie McGinlay;8395;26;tmcginlayqq@flickr.com;123466406
Francklyn Isaq;6085;69;fisaqqr@desdev.cn;123466413
Osgood Moresby;2009;63;omoresbyqs@bloomberg.com;123466420
Adeline Andreutti;4272;46;aandreuttiqt@unesco.org;123466437
Blythe Ruprecht;6065;63;bruprechtqu@arizona.edu;123466444
Elsie Berriman;9982;79;eberrimanqv@gmpg.org;123466451
Christean Northbridge;6055;32;cnorthbridgeqw@blogs.com;123466468
Mallissa Mumby;2009;30;mmumbyqx@webnode.com;123466475
Wilow Cradick;4244;75;wcradickqy@unesco.org;123466482
Darci Stubbin;3334;12;dstubbinqz@rambler.ru;123466499
Farlay Deacock;5475;99;fdeacockr0@shutterfly.com;123466509
Pennie Arnaldy;6120;30;parnaldyr1@ehow.com;123466516
Salomone Kmiec;6062;73;skmiecr2@discovery.com;123466523
Mart Laflin;6067;59;mlaflinr3@cnn.com;123466530
Cirstoforo Duker;7526;43;cdukerr4@mac.com;123466547
Elroy Crossingham;4246;67;ecrossinghamr5@shutterfly.com;123466554
Kimberlee Crosher;2000;26;kcrosherr6@wufoo.com;123466561
Raynor Loyns;3321;60;rloynsr7@technorati.com;123466578
Wallie Corss;9983;72;wcorssr8@amazon.com;123466585
Shaylynn Tousey;4267;64;stouseyr9@51.la;123466592
Amble Gabbot;6043;71;agabbotra@dyndns.org;123466602
Francisca Margetts;5516;73;fmargettsrb@last.fm;123466619
Giulia Terzi;7523;36;gterzirc@japanpost.jp;123466626
Lita Wedlake;8380;75;lwedlakerd@oracle.com;123466633
Malanie Calam;6098;79;mcalamre@so-net.ne.jp;123466640
Kaela Lennie;6224;43;klennierf@redcross.org;123466657
Washington Sayward;6032;79;wsaywardrg@yolasite.com;123466664
Arlette Spinley;6033;61;aspinleyrh@dell.com;123466671
Gerhardine Vautre;6032;93;gvautreri@tinyurl.com;123466688
Teddi Wiltshier;7527;58;twiltshierrj@flickr.com;123466695
Wilfrid Pinkard;3331;68;wpinkardrk@sciencedaily.com;123466705
Orella Vitler;3322;78;ovitlerrl@paypal.com;123466712
Marsha Jewer;6062;53;mjewerrm@ovh.net;123466729
Paton Gert;2016;53;pgertrn@google.com.au;123466736
Kit Grelka;6065;95;kgrelkaro@vkontakte.ru;123466743
Lucie Hales;6066;92;lhalesrp@arizona.edu;123466750
Balduin Argyle;8391;34;bargylerq@twitpic.com;123466767
Etta Abrahamsson;6131;41;eabrahamssonrr@storify.com;123466774
